#key, created, size, mimetype
SentiLex-PT02.zip,2017-10-22T16:50:22.413666+00:00,604242,application/zip
100LOS_cluster_random.zip,2017-10-13T14:02:02.354453+00:00,1329092,application/zip
50LOS_cluster_central.zip,2017-10-13T14:02:02.366603+00:00,1258126,application/zip
100LOS_cluster_random.zip,2017-10-13T13:29:03.207752+00:00,1447995,application/zip
50LOS_cluster_central.zip,2017-10-13T13:29:03.221556+00:00,1285703,application/zip
DYN6_subs300_z0.h5,2017-10-11T13:22:50.807509+00:00,648004192,application/octet-stream
DYN6_subs300_z0.h5_projx.fits,2017-10-11T13:22:50.820003+00:00,1802880,application/octet-stream
DYN6_subs300_z0.h5_projz.fits,2017-10-11T13:22:50.833228+00:00,1802880,application/octet-stream
CSF3_subs300_z0.h5,2017-10-11T13:15:23.878979+00:00,648004192,application/octet-stream
CSF3_subs300_z0.h5_projx.fits,2017-10-11T13:15:23.891537+00:00,1802880,application/octet-stream
CSF3_subs300_z0.h5_projz.fits,2017-10-11T13:15:23.903447+00:00,1802880,application/octet-stream
CSFBH2_subs300_z0.h5,2017-10-11T13:15:23.916230+00:00,648004192,application/octet-stream
CSFBH2_subs300_z0.h5_projx.fits,2017-10-11T13:15:23.928173+00:00,1802880,application/octet-stream
CSFBH2_subs300_z0.h5_projz.fits,2017-10-11T13:15:23.940493+00:00,1802880,application/octet-stream
CSFBH5_subs300_z0.h5,2017-10-11T13:15:23.952433+00:00,648004192,application/octet-stream
CSFBH5_subs300_z0.h5_projx.fits,2017-10-11T13:15:23.964383+00:00,1802880,application/octet-stream
CSFBH5_subs300_z0.h5_projz.fits,2017-10-11T13:15:23.976447+00:00,1802880,application/octet-stream
P_subs300_z0.h5,2017-10-11T09:28:12.829161+00:00,648004192,application/octet-stream
P_subs300_z0.h5_projx.fits,2017-10-11T09:28:12.841579+00:00,1802880,application/octet-stream
P_subs300_z0.h5_projz.fits,2017-10-11T09:28:12.853788+00:00,1802880,application/octet-stream
Pz2_subs300_z0.h5,2017-10-11T09:28:12.866340+00:00,648004192,application/octet-stream
Pz2_subs300_z0.h5_projx.fits,2017-10-11T09:28:12.878348+00:00,1802880,application/octet-stream
Pz2_subs300_z0.h5_projz.fits,2017-10-11T09:28:12.890339+00:00,1802880,application/octet-stream
SFR_magnetic_CSF0model.dat,2017-10-10T19:27:54.416442+00:00,6107,application/octet-stream
SFR_magnetic_CSF1model.dat,2017-10-10T19:27:54.428710+00:00,6107,application/octet-stream
SFR_magnetic_CSF2model.dat,2017-10-10T19:27:54.440560+00:00,6107,application/octet-stream
SFR_magnetic_CSF3model.dat,2017-10-10T19:27:54.452437+00:00,6107,application/octet-stream
SFR_magnetic_CSFBH1model.dat,2017-10-10T19:27:54.464243+00:00,6107,application/octet-stream
SFR_magnetic_CSFBH3model.dat,2017-10-10T19:27:54.476423+00:00,4096,application/octet-stream
SFR_magnetic_CSFBH5model.dat,2017-10-10T19:27:54.488209+00:00,6107,application/octet-stream
EUDAT Services Terms of Use.pdf,2017-09-27T09:14:36.993670+00:00,176873,application/pdf
EUDAT2020-DEL-WP8-D8.2_Report_on_Technology_Watch.pdf,2017-08-26T10:07:07.936457+00:00,2385642,application/pdf
soil_moisture_LTER_EU_SP_001_Doñana_LTSER.xlsx,2017-08-21T08:52:40.577275+00:00,61270856,application/octet-stream
0016-policy-TAB-Election-Process.pdf,2017-08-04T12:40:17.071754+00:00,221234,application/pdf
soil_moisture_LTER_EU_LV_002_Mazs_soil_moist_1992_2012.xlsx,2017-08-02T21:26:51.271875+00:00,337949,application/octet-stream
EUDAT2020-DEL-WP4-D4.5-Data_and_Computing_Landscape_Characteristics_and_Scientific_Communities_Environment_and_Requirements-1.pdf,2017-07-21T16:08:50.168225+00:00,1155411,application/pdf
EUDAT2020-DEL-WP9-D9.6-Final_Report_on_Testing_of_Graph_Technologies.pdf,2017-07-21T13:53:14.699931+00:00,866377,application/pdf
EUDAT2020-DEL-WP9-D9.4-Final_Report_on_Efficient_Integrity_Checking.pdf,2017-07-21T13:48:54.587532+00:00,684836,application/pdf
EUDAT2020-DEL-WP9-D9.3_Interim_Report_on_Testing_of_Scalability_of_Graph_Technology_Implementation.pdf,2017-07-21T13:45:35.243794+00:00,793745,application/pdf
EUDAT2020-DEL-WP9-D9.2_Interim_Report_of_Use_of_HTTP_as_a_Federation_Technology.pdf,2017-07-21T13:40:17.282233+00:00,1255603,application/pdf
EUDAT2020-DEL-WP9-D9.1_Interim_Report_on_The_Applicability_of_Object_Stores_within_EUDAT.pdf,2017-07-21T13:36:33.964560+00:00,1346403,application/pdf
EUDAT2020-DEL-WP8-D8.4_Initial_Service_Prototypes.pdf,2017-07-21T13:32:56.409942+00:00,1877002,application/pdf
EUDAT2020-DEL-WP8-D8.1_Report_of_Requirements.pdf,2017-07-21T13:28:25.256623+00:00,1021855,application/pdf
EUDAT2020-DEL-WP7-D7.2-Assessment_of_Commercial_Storage_Services.pdf,2017-07-21T13:18:51.318896+00:00,3060249,application/pdf
EUDAT2020-DEL-WP7-D7.1-EUDAT_EGI_Pilot_Activity.pdf,2017-07-21T13:14:40.116376+00:00,1310064,application/pdf
EUDAT2020-DEL-WP6-D6.1-Report_on_Status_and_Progress_of_Operations_-_Year_1.pdf,2017-07-21T13:10:06.383030+00:00,4782775,application/pdf
EUDAT2020-DEL-WP5-D5.1_Report_on_Service_Building_Status_and_Progress_year_1.pdf,2017-07-21T13:03:15.260673+00:00,4102195,application/pdf
EUDAT2020-DEL-WP4-D4.6-Service_Uptake_within_Communities_update.pdf,2017-07-21T12:53:33.329596+00:00,1673358,application/pdf
EUDAT2020-DEL-WP4-D4.4-Activity_Report_year _1.pdf,2017-07-21T12:45:39.347974+00:00,891394,application/pdf
EUDAT2020-DEL-WP4-D4.3-Service_Uptake_within_Communities.pdf,2017-07-21T12:40:43.743131+00:00,1892956,application/pdf
EUDAT2020-DEL-WP3-D3.2-Detailed_Plan_for_Training_Activities_in_Months 13-36.pdf,2017-07-21T12:35:49.509550+00:00,1321357,application/pdf
EUDAT2020-DEL-WP2-D2.5-Guidelines_on_Open_Access_and_Restricted_Data.pdf,2017-07-21T12:30:14.933289+00:00,1302796,application/pdf
EUDAT2020-DEL-WP2-D2.4-Report_on_Governance_Model.pdf,2017-07-21T12:19:12.384230+00:00,1939020,application/pdf
EUDAT2020-DEL-WP2-D2.3-Strategic_Certification_Plan-v2.0.pdf,2017-07-21T12:12:34.832713+00:00,888505,application/pdf
workshop-report-v3.pdf,2017-07-12T10:54:41.337410+00:00,844356,application/pdf
logs,2017-06-26T12:43:17.781971+00:00,2256673,application/octet-stream
Alya-CFDWind1D.nc,2017-06-23T07:59:30.285136+00:00,4651629,application/x-netcdf
CFDWindSCM_ke.nc,2017-06-23T07:59:30.298043+00:00,55688995,application/x-netcdf
Ellipsys1D_TskWRF.nc,2017-06-23T07:59:30.310411+00:00,921426,application/x-netcdf
Ellipsys3D_LES_TskWRF.nc,2017-06-23T07:59:30.323016+00:00,611450,application/x-netcdf
Ellipsys3D_TskWRF.nc,2017-06-23T07:59:30.335138+00:00,814702,application/x-netcdf
GABLS3_tendencies_d02_YSU_w60_L9000.nc,2017-06-23T07:59:30.347215+00:00,32186970,application/x-netcdf
SP-Wind.nc,2017-06-23T07:59:30.359293+00:00,46204469,application/x-netcdf
VentosM.nc,2017-06-23T07:59:30.371798+00:00,306890,application/x-netcdf
WRF-LES_d8.nc,2017-06-23T07:59:30.383895+00:00,15739128,application/x-netcdf
WRF-MJY_ERA.nc,2017-06-23T07:59:30.396111+00:00,228402,application/x-netcdf
WRF-MJY_GFS.nc,2017-06-23T07:59:30.408355+00:00,228402,application/x-netcdf
WRF-MYNN_ERA.nc,2017-06-23T07:59:30.420962+00:00,228403,application/x-netcdf
WRF-MYNN_GFS.nc,2017-06-23T07:59:30.433158+00:00,228403,application/x-netcdf
WRF-QNSE_ERA.nc,2017-06-23T07:59:30.446421+00:00,228403,application/x-netcdf
WRF-QNSE_GFS.nc,2017-06-23T07:59:30.458739+00:00,228403,application/x-netcdf
WRF-TEMF_ERA.nc,2017-06-23T07:59:30.471439+00:00,228403,application/x-netcdf
WRF-TEMF_GFS.nc,2017-06-23T07:59:30.483720+00:00,228403,application/x-netcdf
WRF-YSU_ERA.nc,2017-06-23T07:59:30.495974+00:00,228402,application/x-netcdf
WRF-YSU_GFS.nc,2017-06-23T07:59:30.508545+00:00,228402,application/x-netcdf
GABLS3_CFDWindSCM_turb0_T2_9.nc,2017-06-23T07:47:48.860194+00:00,70190045,application/x-netcdf
GABLS3_CFDWindSCM_turb1_T2_10.nc,2017-06-23T07:47:48.872814+00:00,81194650,application/x-netcdf
GABLS3_CFDWindSCM_turb5_T2_2.nc,2017-06-23T07:47:48.885390+00:00,78200098,application/x-netcdf
GABLS3_CFDWindSCM_turb5_T2_noTadv_3.nc,2017-06-23T07:47:48.897647+00:00,79842695,application/x-netcdf
GABLS3_CFDWindSCM_turb5_T2_noTadvUadv_4.nc,2017-06-23T07:47:48.910482+00:00,79972234,application/x-netcdf
GABLS3_CFDWindSCM_turb5_T2_noTadvUadvSg0_5.nc,2017-06-23T07:47:48.923337+00:00,80280030,application/x-netcdf
GABLS3_CFDWindSCM_turb5_T2obs_11.nc,2017-06-23T07:47:48.935658+00:00,79837325,application/x-netcdf
GABLS3_CFDWindSCM_turb5_T2obs_UVTnud2-120_13.nc,2017-06-23T07:47:48.948086+00:00,78321342,application/x-netcdf
GABLS3_CFDWindSCM_turb5_T2obs_UVTnud2-200_20.nc,2017-06-23T07:47:48.960372+00:00,78440709,application/x-netcdf
GABLS3_CFDWindSCM_turb5_T2obs_UVTnud2-200tau10_21.nc,2017-06-23T07:47:48.972973+00:00,79910998,application/x-netcdf
GABLS3_CFDWindSCM_turb5_T2obs_UVTnud2-80_12.nc,2017-06-23T07:47:48.985301+00:00,78227470,application/x-netcdf
GABLS3_CFDWindSCM_turb5_T2_UVnud40-200_15.nc,2017-06-23T07:47:48.997691+00:00,83913400,application/x-netcdf
GABLS3_CFDWindSCM_turb5_T2_UVnud40-200tau10_17.nc,2017-06-23T07:47:49.009978+00:00,84055455,application/x-netcdf
GABLS3_CFDWindSCM_turb5_T2_UVnud40-200tau30_16.nc,2017-06-23T07:47:49.023052+00:00,83976135,application/x-netcdf
GABLS3_CFDWindSCM_turb5_T2_UVnud40-400_14.nc,2017-06-23T07:47:49.035333+00:00,78365055,application/x-netcdf
GABLS3_CFDWindSCM_turb5_T2wt_6.nc,2017-06-23T07:47:49.047772+00:00,78571850,application/x-netcdf
GABLS3_CFDWindSCM_turb5_Tsk_7.nc,2017-06-23T07:47:49.060176+00:00,79778344,application/x-netcdf
GABLS3_tendencies_d02_YSU_w60_L9000.nc,2017-06-23T07:47:49.072853+00:00,24083853,application/x-netcdf
DSA-WDS_Catalogue_of_Common_Requirements_V2_3_Final.pdf,2017-06-15T17:00:39.892877+00:00,161431,application/pdf
DSA–WDS Partnership – Procedures for Core Certification V1.2.pdf,2017-06-15T16:23:27.166104+00:00,140552,application/pdf
A EUDAT Working Group on Sensitive Data Management-V2.docx,2017-06-11T15:59:26.514890+00:00,18276,application/octet-stream
Mondsee_profile_data_2015.xls,2017-06-08T13:14:29.088015+00:00,15491584,application/vnd.ms-excel
radio_B.tar,2017-06-01T14:25:26.970171+00:00,77230080,application/x-tar
radio_z05B.tar,2017-06-01T14:25:26.982905+00:00,101468160,application/x-tar
EUDAT and DMP training - 20170518 - Barcelona.pdf,2017-06-01T14:22:49.315910+00:00,2245262,application/pdf
EUDAT and DMP training - exercise.pdf,2017-06-01T14:22:49.328695+00:00,271408,application/pdf
EUDAT_Coupling HPC and Data_ExDCI_2017.pdf,2017-06-01T14:22:49.341160+00:00,5018324,application/pdf
Wheat Data Interoperability Guidelines.pdf,2017-06-01T04:28:48.451961+00:00,158549,application/pdf
Wheat_Data_Interoperability_maintenance_plan.pdf,2017-06-01T04:28:48.467375+00:00,32254,application/pdf
CUR12048clust_cat_z0_100.dat,2017-05-26T08:31:21.445435+00:00,431020,application/octet-stream
CUR12048clust_cat_z05_100.dat,2017-05-26T08:31:21.458300+00:00,207200,application/octet-stream
radio.tar,2017-05-26T08:31:21.470590+00:00,77230080,application/x-tar
radio_z05.tar,2017-05-26T08:31:21.483258+00:00,101468160,application/x-tar
galaxies.fits,2017-05-25T12:22:16.075151+00:00,23014080,application/octet-stream
sky_model_components.fits,2017-05-25T12:22:16.087710+00:00,69036480,application/octet-stream
sky_model.fits,2017-05-25T12:22:16.099821+00:00,23014080,application/octet-stream
GEDErda-pid-bundle-v05.pdf,2017-05-24T18:37:55.207016+00:00,455521,application/pdf
vegetation_LTER_EU_LV_001_Engure_veget1995_2008.xlsx,2017-05-21T18:57:36.494427+00:00,439305,application/octet-stream
precipitation_LTER_EU_LV_001_Engure_precipitation 1995_2012.xlsx,2017-05-21T18:17:40.564855+00:00,480219,application/octet-stream
temperature_LTER_EU_LV_001_Engure_temp_1995_2012.xlsx,2017-05-20T20:47:48.343588+00:00,728995,application/octet-stream
vegetation_LTER_EU_LV_003_Randu_veget1996_2012.xlsx,2017-05-15T12:22:21.045073+00:00,753018,application/octet-stream
precipitation_LTER_EU_LV_003_Randu_precip1996_2012.xlsx,2017-05-15T11:54:14.067362+00:00,627012,application/octet-stream
temperature_LTER_EU_LV_005_Salaca_temp.xlsx,2017-05-14T20:48:34.138127+00:00,1281887,application/octet-stream
temperature_LTER_EU_LV_004_RHPS_temp.xlsx,2017-05-14T20:24:58.545867+00:00,1388614,application/octet-stream
precipitation_LTER_EU_LV_004_RHPS_precip.xlsx,2017-05-14T19:39:49.336586+00:00,1443526,application/octet-stream
temperature_LTER_EU_LV_002_Mazs_temp1995_2012.xlsx,2017-05-14T19:11:33.317096+00:00,771414,application/octet-stream
precipitation_LTER_EU_LV_002_Mazs_precip1995_2012.xlsx,2017-05-14T19:03:30.093290+00:00,534534,application/octet-stream
temperature_LTER_EU_LV_003_Randu_temp1996_20012.xlsx,2017-05-09T21:34:07.368895+00:00,615010,application/octet-stream
Data Management Plans – EUDAT best practices and case study.pdf,2017-05-03T06:44:16.428334+00:00,2981851,application/pdf
namelist.input,2017-05-01T10:13:26.814168+00:00,4310,application/octet-stream
namelist.wps,2017-05-01T10:13:26.826483+00:00,1424,application/octet-stream
EUDAT-AttributeLevelsofAssurance-Background.pdf,2017-04-26T08:40:42.296881+00:00,187257,application/pdf
eLTER VA Data Reporting 1_2_LTER_EU_DE_018_RMO (18.04.2017).xls,2017-04-18T15:49:07.289715+00:00,7595520,application/vnd.ms-excel
Metadata_Meteodata WaldhÑuser LTER database.xlsx,2017-04-12T11:59:54.084352+00:00,9241,application/octet-stream
Meteodata WaldhÑuser LTER database.xlsx,2017-04-12T11:59:54.096574+00:00,5184617,application/octet-stream
EUDAT-OpenAIRE-DMP-Inigo.pptx,2017-04-04T14:43:14.756083+00:00,6080137,application/octet-stream
SE01_Meteo200-2015_Dep1999-2015.xls,2017-04-03T09:29:27.012014+00:00,2123264,application/vnd.ms-excel
SE03_Meteo2000-2015_Dep1996-2015.xls,2017-04-03T09:10:33.015106+00:00,2077184,application/vnd.ms-excel
SE02_Meteo2000-2015_Dep1996-2015.xls,2017-04-03T08:41:28.039607+00:00,2114048,application/vnd.ms-excel
vegetation_LTER_EU_SE_017_gammtratten_VG_99_15.xls,2017-03-31T15:18:37.101986+00:00,1843200,application/vnd.ms-excel
vegetation_LTER_EU_SE_001_002_VG_kind_96_14.xls,2017-03-31T15:08:48.367049+00:00,1335808,application/vnd.ms-excel
vegetation_LTER_EU_SE_012_001_VG_gård_00_13.xls,2017-03-31T14:44:36.000195+00:00,1140736,application/vnd.ms-excel
vegetation_LTER_EU_SE_016_aneb_VG_82_13.xls,2017-03-28T06:48:17.753057+00:00,904704,application/vnd.ms-excel
management_LTER_EU_RS_002_manag_KA.xls,2017-03-27T19:46:09.425706+00:00,204288,application/vnd.ms-excel
soil_LTER_EU_RS_002_soil_KA.xls,2017-03-27T19:31:13.569339+00:00,491520,application/vnd.ms-excel
vegetation_LTER_EU_RS_002_veg_KA.xls,2017-03-27T18:56:42.249416+00:00,348160,application/vnd.ms-excel
meteoLTER_EU_BE_001_bras_meteo19962016.xlsx,2017-03-25T16:50:01.882712+00:00,2802924,application/octet-stream
metorology_LTER_EU_AT_005_dom_temp_hh_prec2007_v201703.xlsx,2017-03-21T13:05:06.126198+00:00,1079055,application/octet-stream
metorology_LTER_EU_AT_005_dom_temp_hh_prec2008_v201703.xlsx,2017-03-21T13:05:06.138515+00:00,1104748,application/octet-stream
metorology_LTER_EU_AT_005_dom_temp_hh_prec2009_v201703.xlsx,2017-03-21T13:05:06.150580+00:00,1101487,application/octet-stream
metorology_LTER_EU_AT_005_dom_temp_hh_prec2010_v201703.xlsx,2017-03-21T13:05:06.162779+00:00,1103847,application/octet-stream
metorology_LTER_EU_AT_005_dom_temp_hh_wiv_prec2011_v201703.xlsx,2017-03-21T13:05:06.175025+00:00,1398056,application/octet-stream
metorology_LTER_EU_AT_005_dom_temp_hh_wiv_prec2012_v201703.xlsx,2017-03-21T13:05:06.187448+00:00,1441995,application/octet-stream
metorology_LTER_EU_AT_005_dom_temp_hh_wiv_prec2013_v201703.xlsx,2017-03-21T13:05:06.199368+00:00,1441843,application/octet-stream
metorology_LTER_EU_AT_005_dom_temp_hh_wiv_prec2014_v201703.xlsx,2017-03-21T13:05:06.211434+00:00,2084875,application/octet-stream
metorology_LTER_EU_AT_005_dom_temp_hh_wiv_prec2015_v201703.xlsx,2017-03-21T13:05:06.223450+00:00,8117907,application/octet-stream
metorology_LTER_EU_AT_005_dom_temp_hh_wiv_prec2016_v201703.xlsx,2017-03-21T13:05:06.235849+00:00,8026148,application/octet-stream
metorology_LTER_EU_AT_005_sch_temp_hh_wiv_prec2013_v201703.xlsx,2017-03-21T12:56:09.858200+00:00,781232,application/octet-stream
metorology_LTER_EU_AT_005_sch_temp_hh_wiv_prec2014_v201703.xlsx,2017-03-21T12:56:09.870414+00:00,1465392,application/octet-stream
metorology_LTER_EU_AT_005_sch_temp_hh_wiv_prec2015_v201703.xlsx,2017-03-21T12:56:09.883205+00:00,1470428,application/octet-stream
metorology_LTER_EU_AT_005_sch_temp_hh_wiv_prec2016_v201703.xlsx,2017-03-21T12:56:09.895464+00:00,1471841,application/octet-stream
metorology_LTER_EU_AT_005_bst_temp_hh_wiv_prec2015_v201703.xlsx,2017-03-21T11:59:20.249611+00:00,399318,application/octet-stream
metorology_LTER_EU_AT_005_bst_temp_hh_wiv_prec2016_v201703.xlsx,2017-03-21T11:59:20.261937+00:00,1446771,application/octet-stream
metorology_LTER_EU_AT_005_egg_temp_hh_wiv_prec2009_v201703.xlsx,2017-03-21T11:35:55.530201+00:00,1455328,application/octet-stream
metorology_LTER_EU_AT_005_egg_temp_hh_wiv_prec2010_v201703.xlsx,2017-03-21T11:35:55.543094+00:00,1449097,application/octet-stream
metorology_LTER_EU_AT_005_egg_temp_hh_wiv_prec2011_v201703.xlsx,2017-03-21T11:35:55.555454+00:00,1451898,application/octet-stream
metorology_LTER_EU_AT_005_egg_temp_hh_wiv_prec2012_v201703.xlsx,2017-03-21T11:35:55.569452+00:00,1454655,application/octet-stream
metorology_LTER_EU_AT_005_egg_temp_hh_wiv_prec2013_v201703.xlsx,2017-03-21T11:35:55.581958+00:00,1448436,application/octet-stream
metorology_LTER_EU_AT_005_egg_temp_hh_wiv_prec2014_v201703.xlsx,2017-03-21T11:35:55.593948+00:00,2181017,application/octet-stream
metorology_LTER_EU_AT_005_egg_temp_hh_wiv_prec2015_v201703.xlsx,2017-03-21T11:35:55.606153+00:00,8306125,application/octet-stream
metorology_LTER_EU_AT_005_egg_temp_hh_wiv_prec2016_v201703.xlsx,2017-03-21T11:35:55.618400+00:00,8059413,application/octet-stream
D_DepTotalSmpConcentration_CaUNITmgxL-1_LTER_EU_DE_013_15-03-2017.csv,2017-03-16T17:10:40.339656+00:00,21291,application/octet-stream
D_DepTotalSmpConcentration_ClUNITmgxL-1_LTER_EU_DE_013_15-03-2017.csv,2017-03-16T17:10:40.352185+00:00,21995,application/octet-stream
D_DepTotalSmpConcentration_KUNITmgxL-1_LTER_EU_DE_013_15-03-2017.csv,2017-03-16T17:10:40.364556+00:00,21119,application/octet-stream
D_DepTotalSmpConcentration_MgUNITmgxL-1_LTER_EU_DE_013_15-03-2017.csv,2017-03-16T17:10:40.376836+00:00,21355,application/octet-stream
D_DepTotalSmpConcentration_NaUNITmgxL-1_LTER_EU_DE_013_15-03-2017.csv,2017-03-16T17:10:40.390696+00:00,21192,application/octet-stream
D_DepTotalSmpConcentration_NH4UNITmgxL-1_LTER_EU_DE_013_15-03-2017.csv,2017-03-16T17:10:40.402831+00:00,22230,application/octet-stream
D_DepTotalSmpConcentration_NO3UNITmgxL-1_LTER_EU_DE_013_15-03-2017.csv,2017-03-16T17:10:40.415656+00:00,22246,application/octet-stream
D_DepTotalSmpConcentration_SO4UNITmgxL-1_LTER_EU_DE_013_15-03-2017.csv,2017-03-16T17:10:40.428386+00:00,22253,application/octet-stream
D_DepWetSmpConcentration_CaUNITmgxL-1_LTER_EU_DE_013_10_15-03-2017.csv,2017-03-16T17:10:40.441136+00:00,21206,application/octet-stream
D_DepWetSmpConcentration_ClUNITmgxL-1_LTER_EU_DE_013_14_15-03-2017.csv,2017-03-16T17:10:40.453391+00:00,21714,application/octet-stream
D_DepWetSmpConcentration_KUNITmgxL-1_LTER_EU_DE_013_18_15-03-2017.csv,2017-03-16T17:10:40.465656+00:00,21007,application/octet-stream
D_DepWetSmpConcentration_MgUNITmgxL-1_LTER_EU_DE_013_16_15-03-2017.csv,2017-03-16T17:10:40.477906+00:00,21261,application/octet-stream
D_DepWetSmpConcentration_NaUNITmgxL-1_LTER_EU_DE_013_12_15-03-2017.csv,2017-03-16T17:10:40.490608+00:00,21199,application/octet-stream
D_DepWetSmpConcentration_NH4UNITmgxL-1_LTER_EU_DE_013_6_15-03-2017.csv,2017-03-16T17:10:40.502855+00:00,21957,application/octet-stream
D_DepWetSmpConcentration_NO3UNITmgxL-1_LTER_EU_DE_013_8_15-03-2017.csv,2017-03-16T17:10:40.515154+00:00,21978,application/octet-stream
D_DepWetSmpConcentration_SO4UNITmgxL-1_LTER_EU_DE_013_4_15-03-2017.csv,2017-03-16T17:10:40.527473+00:00,21963,application/octet-stream
D_totalDeposition TimeUNITmgxL-1_LTER_EU_DE_013_15-03-2017.csv,2017-03-16T17:10:40.540058+00:00,18847,application/octet-stream
D_wetDeposition Time,feature,sample,DepWetSmpConcentration_SO4UNITmgxL-1_LTER_EU_DE_013_4_15-03-2017.csv,2017-03-16T17:10:40.552191+00:00,29648,application/octet-stream
D_AirTemperature_2m_LTER_EU_DE_013_15-03-2017.csv,2017-03-16T11:35:19.945016+00:00,25782444,application/octet-stream
D_Precip11_LTER_EU_DE_013_15-03-2017.csv,2017-03-16T11:35:19.957512+00:00,20423694,application/octet-stream
D_Precip13_LTER_EU_DE_013_15-03-2017.csv,2017-03-16T11:35:19.970006+00:00,20472456,application/octet-stream
D_Precip5_LTER_EU_DE_013_15-03-2017.csv,2017-03-16T11:35:19.982150+00:00,10351327,application/octet-stream
D_Precip7_LTER_EU_DE_013_15-03-2017.csv,2017-03-16T11:35:19.994312+00:00,9544325,application/octet-stream
D_Precip9_LTER_EU_DE_013_15-03-2017.csv,2017-03-16T11:35:20.006504+00:00,9543481,application/octet-stream
eLTER_T3.4_VA_DataReporting_v1.2_eifel.xls,2017-03-16T11:35:20.018641+00:00,189952,application/vnd.ms-excel
b2share-2.0.0.tar.gz,2017-03-15T14:44:20.607703+00:00,1972785,application/x-tar
meteo_LTER_EU_BE_02_sonian_meteo20112016.xls,2017-03-14T08:30:44.376562+00:00,1199104,application/vnd.ms-excel
meteo_LTER_EU_BE_05_wijnendale_meteo20112016.xls,2017-03-14T07:38:11.533368+00:00,1124864,application/vnd.ms-excel
E-Science-Tage2017_Programmheft.pdf,2017-03-13T14:36:08.736853+00:00,14290506,application/pdf
E1_Pradio_etaBd0.0Z_freq_cube.fits,2017-03-13T12:35:20.954088+00:00,26219520,application/octet-stream
LTER_ZOEBELBODEN_AT01_WWZ_AIR_METEOROLOGY_1995_2016_daily.zip,2017-03-03T18:25:51.525250+00:00,4317454,application/zip
erlangen_cidoc.owl,2017-02-23T15:25:20.842972+00:00,432228,application/octet-stream
RDAEU_ScienceWS_Summary_Final.pdf,2017-02-16T11:19:27.250934+00:00,760971,application/pdf
recommendation-jan-2017-v8.pdf,2017-02-16T10:45:05.485645+00:00,899201,application/pdf
Self-assessment-v11.pdf,2017-02-16T10:23:24.340905+00:00,2216816,application/pdf
Lexicon_V2.xlsx,2017-02-13T08:11:11.778773+00:00,1689355,application/octet-stream
2014-04-02_beata2_60_V_plasmaline.png,2017-02-03T15:27:20.210429+00:00,239543,image/png
2014-04-02_beata_60_24hrplt_vhf.png,2017-02-03T15:27:20.223236+00:00,55459,image/png
2014-04-02_beata_60_calib-foE_vhf.png,2017-02-03T15:27:20.238441+00:00,17547,image/png
2014-04-02_beata_60_calib-foF2_vhf.png,2017-02-03T15:27:20.251006+00:00,19398,image/png
2014-04-02_beata_60_Nr_vhf.png,2017-02-03T15:27:20.264771+00:00,52119,image/png
2014-04-02_beata_60_vhf.png,2017-02-03T15:27:20.277622+00:00,80643,image/png
NCAR_2014-04-02_beata_60_vhf.bin.hdf5,2017-02-03T15:27:20.290274+00:00,12796439,application/octet-stream
Gordon WLCG Accounting - HTCondor Accounting Status 20161201v2.pptx,2017-02-01T16:39:31.950713+00:00,2288779,application/octet-stream
EUDAT2020-B2ACCESS.pptx,2017-02-01T14:41:22.384333+00:00,2335134,application/octet-stream
vegetation_LTER_EU_AT_003_10x10Plots_1993_2014.xlsx,2017-01-23T17:07:08.365575+00:00,3064701,application/octet-stream
recommendation-jan-2017-v8.pdf,2017-01-23T08:15:19.178480+00:00,899201,application/pdf
Databeleidsthemas_DANS_Grootveld_20170122.pdf,2017-01-22T14:01:55.838995+00:00,59945,application/pdf
FCS Files.zip,2017-01-13T08:34:35.145886+00:00,197311734,application/zip
LN18 Images.zip,2017-01-13T08:34:35.160817+00:00,1201443810,application/zip
V79 Images.zip,2017-01-13T08:34:35.175748+00:00,979941089,application/zip
bremen.h5.h5,2017-01-13T08:34:18.867135+00:00,1302382632,application/octet-stream
bremenSmall.h5.h5,2017-01-13T08:34:18.881719+00:00,72002416,application/octet-stream
twitter.h5.h5,2017-01-13T08:34:18.896274+00:00,265636608,application/octet-stream
twitterSmall.h5.h5,2017-01-13T08:34:18.910744+00:00,59272032,application/octet-stream
ab8d38f2-835b-11e3-b283-005056943408.gz,2017-01-13T08:34:07.007605+00:00,1570976433,application/octet-stream
c617828a-8357-11e3-8ef2-005056943408.pdf,2017-01-13T08:34:07.022227+00:00,5904362,application/pdf
querysuggestions-userstudy.xlsx,2016-12-22T10:38:09.312336+00:00,888118,application/octet-stream
EUDAT2020-DEL-WP2-D2.4-Report_on_Governance_Model.pdf,2016-12-22T10:38:06.106196+00:00,2013400,application/pdf
EUDAT2020-DEL-WP9-D9.2_Interim_Report_of_Use_of_HTTP_as_a_Federation_Technology.pdf,2016-12-22T10:38:03.056422+00:00,1331095,application/pdf
EUDAT2020-DEL-WP0-D7.1-EUDAT-EGI-Pilot-Activity_1.pdf,2016-12-22T10:37:59.894668+00:00,1218212,application/pdf
EUDAT2020-DEL-WP6-D6.pdf,2016-12-22T10:37:56.859165+00:00,3885558,application/pdf
EUDAT2020-DEL-WP5-D5.1_Report_on_Service_Building_Status_and_Progress_year_1.pdf,2016-12-22T10:37:53.769520+00:00,4273246,application/pdf
EUDAT2020-DEL-WP4-D4.4-Activity_Report_year _1.pdf,2016-12-22T10:37:50.633043+00:00,953977,application/pdf
EUDAT2020-DEL-WP2-D2.4-Report_on_Governance_Model.pdf,2016-12-22T10:37:46.156050+00:00,2013400,application/pdf
EUDAT2020-DEL-WP3-D3.2-Detailed_Plan_for_Training_Activities_in_Months 13-36.pdf,2016-12-22T10:37:46.448271+00:00,1376620,application/pdf
EUDAT2020-DEL-WP4-D4.3-Service_Uptake_within_Communities.pdf,2016-12-22T10:37:46.737488+00:00,2016142,application/pdf
EUDAT2020-DEL-WP2-D2.4-Report_on_Governance_Model.pdf,2016-12-22T10:37:41.035442+00:00,2013400,application/pdf
EUDAT2020-DEL-WP3-D3.2-Detailed_Plan_for_Training_Activities_in_Months 13-36.pdf,2016-12-22T10:37:41.325058+00:00,1376620,application/pdf
EUDAT2020-DEL-WP4-D4.3-Service_Uptake_within_Communities.pdf,2016-12-22T10:37:41.615624+00:00,2016142,application/pdf
EUDAT2020-DEL-WP2-D2.4-Report_on_Governance_Model.pdf,2016-12-22T10:37:35.690806+00:00,2013400,application/pdf
EUDAT2020-DEL-WP3-D3.2-Detailed_Plan_for_Training_Activities_in_Months 13-36.pdf,2016-12-22T10:37:35.978828+00:00,1376620,application/pdf
EUDAT2020-DEL-WP4-D4.3-Service_Uptake_within_Communities.pdf,2016-12-22T10:37:36.267283+00:00,2016142,application/pdf
EUDAT2020-DEL-WP2-D2.2-Data_Management_Plan.pdf,2016-12-22T10:37:31.968610+00:00,676941,application/pdf
EUDAT2020-DEL-WP1-D1.2-Associate_Partnership_Programme.pdf,2016-12-22T10:37:28.865864+00:00,829382,application/pdf
EUDAT2020-DEL-WP3-D3.1-Stakeholde_Analysis_and_Communication_and_Training_Strategy.pdf,2016-12-22T10:37:25.792183+00:00,1677519,application/pdf
EUDAT2020-DEL-WP4-D4.1-V2.pdf,2016-12-22T10:37:22.713044+00:00,322054,application/pdf
SNIC Storage UF2016.pdf,2016-12-22T10:37:16.602195+00:00,264931,application/pdf
Thulium_Fiber_Cross_Sections.xlsx,2016-12-22T10:37:12.201088+00:00,104676,application/octet-stream
Thulium.m,2016-12-22T10:37:12.486053+00:00,626,application/octet-stream
Thulium_plot.pdf,2016-12-22T10:37:12.768719+00:00,1072938,application/pdf
INS-CORIOLIS-GLO-ARGO_NRT-OBS_PROFILE_LATEST-2016-11-03T00-00-56.000+01-00-2016-11-04T00-00-56.000+01-00.nc,2016-12-22T10:37:08.445911+00:00,557957,application/x-netcdf
eudat-attr-aarc.pptx,2016-12-22T10:37:05.488825+00:00,1616868,application/octet-stream
oxygen_filter_events.pdf,2016-12-22T10:36:53.283299+00:00,93035,application/pdf
oxygen_filter.pdf,2016-12-22T10:36:53.566334+00:00,63283,application/pdf
oxygen_filter_prediction.pdf,2016-12-22T10:36:53.847987+00:00,159015,application/pdf
oxygen_filter_step.pdf,2016-12-22T10:36:54.128790+00:00,115103,application/pdf
oxygen.pdf,2016-12-22T10:36:54.408137+00:00,122674,application/pdf
salinity_filter_events.pdf,2016-12-22T10:36:54.689675+00:00,92583,application/pdf
salinity_filter.pdf,2016-12-22T10:36:54.970961+00:00,62753,application/pdf
salinity_filter_prediction.pdf,2016-12-22T10:36:55.248993+00:00,158411,application/pdf
salinity_filter_step.pdf,2016-12-22T10:36:55.531012+00:00,110663,application/pdf
salinity.pdf,2016-12-22T10:36:55.814359+00:00,123622,application/pdf
EUDAT2020-DEL-WP4-D4.2-Data_and_Computing_Landscape_Characteristics_and_Scientific_Communities_Environment_and_Requirements.pdf,2016-12-22T10:36:47.603233+00:00,954574,application/pdf
EUDAT2020-DEL-WP4-D4.1-Data_and_Computing_Landscape_Documentation_System_and_Interview_Template.pdf,2016-12-22T10:36:44.548687+00:00,677856,application/pdf
EUDAT2020-DEL-WP3-D3.1-Stakeholde_Analysis_and_Communication_and_Training_Strategy.pdf,2016-12-22T10:36:41.506634+00:00,1677519,application/pdf
EUDAT2020-DEL-WP2-D2.2-Data_Management_Plan.pdf,2016-12-22T10:36:38.450094+00:00,676941,application/pdf
EUDAT2020-DEL-WP2-D2.1-Service_Portfolio_Processes_Definition_and_SLA_Template_Set.pdf,2016-12-22T10:36:35.555713+00:00,1570069,application/pdf
EUDAT2020-DEL-WP1-D1.2-Associate_Partnership_Programme.pdf,2016-12-22T10:36:32.617933+00:00,829382,application/pdf
DataCitation_maintenance.pdf,2016-12-22T10:36:28.168898+00:00,10222,application/pdf
Data_Citation_WG_DataCite.xml,2016-12-22T10:36:28.446170+00:00,3027,text/xml
RDA-DC-Recommendations_151020.pdf,2016-12-22T10:36:28.721797+00:00,186578,application/pdf
RDA-DC-Recommendations_151020.pdf,2016-12-22T10:36:24.588610+00:00,186578,application/pdf
Codebuch-online-Umfrage-2016-05-10_final.pdf,2016-12-22T10:36:20.909999+00:00,2391490,application/pdf
Rohdaten_online-Umfrage_2016-05-10_anonymisiert.csv,2016-12-22T10:36:21.186080+00:00,331940,application/octet-stream
events.tab.tab,2016-12-22T10:36:16.696126+00:00,1808,application/octet-stream
preprocessed.tab.tab,2016-12-22T10:36:16.972178+00:00,3742350,application/octet-stream
2016.09.27_eudat_uf_sdwg_b2access.v4.pptx,2016-12-22T10:36:13.353957+00:00,3407625,application/octet-stream
2016.09.26_eudat_uf_sdwg_b2access.v2.pptx,2016-12-22T10:36:10.381417+00:00,3335065,application/octet-stream
Bfield_beta0.01.h5.h5,2016-12-22T10:35:59.913336+00:00,50334336,application/octet-stream
Bfield_beta0.03.h5.h5,2016-12-22T10:36:00.187533+00:00,50334336,application/octet-stream
Bfield_beta0.06.h5.h5,2016-12-22T10:36:00.461637+00:00,50334336,application/octet-stream
Bfield_beta0.12.h5.h5,2016-12-22T10:36:00.736775+00:00,50334336,application/octet-stream
Bfield_beta0.25.h5.h5,2016-12-22T10:36:01.011175+00:00,50334336,application/octet-stream
Bfield_beta0.5.h5.h5,2016-12-22T10:36:01.285007+00:00,50334336,application/octet-stream
Bfield_beta10.h5.h5,2016-12-22T10:36:01.558876+00:00,50334336,application/octet-stream
Bfield_beta1.h5.h5,2016-12-22T10:36:01.833999+00:00,50334336,application/octet-stream
Bfield_beta2.h5.h5,2016-12-22T10:36:02.109830+00:00,50334336,application/octet-stream
Bfield_beta4.h5.h5,2016-12-22T10:36:02.381970+00:00,50334336,application/octet-stream
Bfield_beta6.h5.h5,2016-12-22T10:36:02.657226+00:00,50334336,application/octet-stream
Bfield_beta8.h5.h5,2016-12-22T10:36:02.934783+00:00,50334336,application/octet-stream
Global Digital Object Cloud v4.pdf,2016-12-22T10:35:50.531859+00:00,507086,application/pdf
Global Digital Object Cloud v3.docx,2016-12-22T10:35:47.631416+00:00,415688,application/octet-stream
data.txt,2016-12-22T10:35:44.691276+00:00,15,text/plain
23Things_Libraries_For_Research_Data_cn.pdf,2016-12-22T10:35:41.809362+00:00,381015,application/pdf
1D_lines.tar.gz,2016-12-22T10:35:38.859546+00:00,522813440,application/x-tar
23Things_Libraries_For_Research_Data_de.pdf,2016-12-22T10:35:31.933402+00:00,223854,application/pdf
23Things_Libraries_For_Research_Data_es.pdf,2016-12-22T10:35:29.036889+00:00,240011,application/pdf
23Things_Libraries_For_Research_Data_fr.pdf,2016-12-22T10:35:26.144645+00:00,114235,application/pdf
23Things_Libraries_For_Research_Data_hi.pdf,2016-12-22T10:35:23.146422+00:00,904700,application/pdf
23Things_Libraries_For_Research_Data_jp.pdf,2016-12-22T10:35:20.240948+00:00,612471,application/pdf
23Things_Libraries_For_Research_Data_ko.pdf,2016-12-22T10:35:17.303520+00:00,822010,application/pdf
23Things_Libraries_For_Research_Data_pt.pdf,2016-12-22T10:35:14.477890+00:00,234428,application/pdf
23Things_Libraries_For_Research_Data_ru.pdf,2016-12-22T10:35:11.589053+00:00,655098,application/pdf
23Things_Libraries_For_Research_Data_ar.pdf,2016-12-22T10:35:08.655134+00:00,402832,application/pdf
23Things_Libraries_For_Research_Data_en.pdf,2016-12-22T10:35:05.785605+00:00,228232,application/pdf
testfile.txt,2016-12-22T10:35:02.882639+00:00,23,text/plain
CRASH-2_data_0.csv,2016-12-22T10:34:57.830108+00:00,2407912,application/octet-stream
Data_Dictionary_CRASH-2_data.docx,2016-12-22T10:34:58.092894+00:00,133014,application/octet-stream
Data_Dictionary_CRASH-2_data.pdf,2016-12-22T10:34:58.352461+00:00,184676,application/pdf
T1_rohdaten.xlsx,2016-12-22T10:34:58.613774+00:00,3684143,application/octet-stream
files.zip,2016-12-22T10:34:52.438964+00:00,3018574,application/zip
metadata.rdf,2016-12-22T10:34:52.700983+00:00,1220,application/xml
metadata.txt,2016-12-22T10:34:52.959144+00:00,1001,text/plain
files.zip,2016-12-22T10:34:47.783873+00:00,3113350,application/zip
metadata.rdf,2016-12-22T10:34:48.045151+00:00,3624,application/xml
metadata.txt,2016-12-22T10:34:48.301701+00:00,3418,text/plain
files.zip,2016-12-22T10:34:43.155760+00:00,267076,application/zip
metadata.rdf,2016-12-22T10:34:43.413347+00:00,2391,application/xml
metadata.txt,2016-12-22T10:34:43.670720+00:00,2143,text/plain
files.zip,2016-12-22T10:34:38.435757+00:00,24037,application/zip
metadata.rdf,2016-12-22T10:34:38.700763+00:00,1811,application/xml
metadata.txt,2016-12-22T10:34:38.957896+00:00,1546,text/plain
files.zip,2016-12-22T10:34:25.209229+00:00,2050595,application/zip
metadata.rdf,2016-12-22T10:34:25.465879+00:00,1893,application/xml
metadata.txt,2016-12-22T10:34:25.721137+00:00,1652,text/plain
files.zip,2016-12-22T10:34:20.578832+00:00,22,application/zip
metadata.rdf,2016-12-22T10:34:20.843209+00:00,1893,application/xml
metadata.txt,2016-12-22T10:34:21.100390+00:00,1652,text/plain
tmp-12481jxi3lm8\files.zip,2016-12-22T10:34:15.905886+00:00,22,application/zip
tmp-12481jxi3lm8\metadata.rdf,2016-12-22T10:34:16.160993+00:00,1906,application/xml
tmp-12481jxi3lm8\metadata.txt,2016-12-22T10:34:16.414950+00:00,1665,text/plain
iris-class1and3-testing.txt,2016-12-22T10:34:07.866804+00:00,2736,text/plain
iris-class1and3-training.txt,2016-12-22T10:34:08.124657+00:00,1806,text/plain
iris-class1and3.txt,2016-12-22T10:34:08.382160+00:00,4542,text/plain
iris-class2and3-testing.txt,2016-12-22T10:34:08.640661+00:00,2841,text/plain
iris-class2and3-training.txt,2016-12-22T10:34:08.900290+00:00,3184,text/plain
iris-class2and3.txt,2016-12-22T10:34:09.161213+00:00,4658,text/plain
iris.scale.original.original,2016-12-22T10:34:09.421079+00:00,6954,application/octet-stream
iris.scale.scale,2016-12-22T10:34:09.678923+00:00,6954,application/octet-stream
paper.pdf,2016-12-22T10:34:03.166952+00:00,931734,application/pdf
Supplementary-Life-Cycle-SB.docx,2016-12-22T10:34:00.144456+00:00,14586,application/octet-stream
ProjectResearchworkflow.pdf,2016-12-22T10:33:55.985467+00:00,314433,application/pdf
WDS-RDAPublishingDataWorkflowsWorkingGroupFinalOutputs.pdf,2016-12-22T10:33:56.242139+00:00,689056,application/pdf
Workflows_for_Research_Data_Publishing-_Models_and_Key_Components_submitted.pdf,2016-12-22T10:33:56.500335+00:00,1266071,application/pdf
AdoptionStatement.txt,2016-12-22T10:33:49.070945+00:00,979,text/plain
DDRIOutputSpecification.pdf,2016-12-22T10:33:49.326585+00:00,576382,application/pdf
adoption.txt,2016-12-22T10:33:44.028207+00:00,1567,text/plain
InteroperabilityFrameworkRecommendations-WDSRDAPDSWG.pdf,2016-12-22T10:33:44.285245+00:00,391868,application/pdf
maintainence.txt,2016-12-22T10:33:44.539798+00:00,1705,text/plain
SummaryRecommendationsforRDA.pdf,2016-12-22T10:33:44.793003+00:00,456812,application/pdf
B2Share on Invenio 3 - OR2016 - v6.pdf,2016-12-22T10:33:40.400012+00:00,5373924,application/pdf
0016-policy-TAB-Election-Process_V1_6_25May2016.docx,2016-12-22T10:33:37.380614+00:00,53638,application/octet-stream
tmp-2387kkcznog\DataPublication@UPorto.rdf,2016-12-22T10:33:33.251753+00:00,1164,application/xml
tmp-2387kkcznog\DataPublication@UPorto.txt,2016-12-22T10:33:33.505718+00:00,980,text/plain
tmp-2387kkcznog\DataPublication@UPorto.zip,2016-12-22T10:33:33.764681+00:00,22,application/zip
tmp-199517951fw0\Vehicle reservation assignment in car rental.rdf,2016-12-22T10:33:28.610904+00:00,1906,application/xml
tmp-199517951fw0\Vehicle reservation assignment in car rental.txt,2016-12-22T10:33:28.864076+00:00,1665,text/plain
tmp-199517951fw0\Vehicle reservation assignment in car rental.zip,2016-12-22T10:33:29.115005+00:00,22,application/zip
2016-05-19_RDA-DE_Workshop_re3data.pdf,2016-12-22T10:33:06.701954+00:00,8841170,application/pdf
Agenda_DatenRepositories.pdf,2016-12-22T10:33:06.949445+00:00,161606,application/pdf
Agenda.pdf,2016-12-22T10:33:07.198559+00:00,164678,application/pdf
Certification RDA Training HH.pptx,2016-12-22T10:33:07.446121+00:00,293527,application/octet-stream
data-organisation.pptx,2016-12-22T10:33:07.695680+00:00,4878752,application/octet-stream
EUDAT-B2FIND.pptx,2016-12-22T10:33:07.945938+00:00,3367523,application/octet-stream
kepler_workflows.pdf,2016-12-22T10:33:08.197969+00:00,3002767,application/pdf
PP.Repository.24May16pptx.klein.pdf,2016-12-22T10:33:08.450676+00:00,14749049,application/pdf
ProvenanceRDA-DEMay2016.pptx,2016-12-22T10:33:08.703873+00:00,2331592,application/octet-stream
RDA-DE-2016 PIDs Teil1.pptx,2016-12-22T10:33:08.959120+00:00,627567,application/octet-stream
RDA-DE - Data Workflows - Introduction.pdf,2016-12-22T10:33:09.211246+00:00,1861019,application/pdf
RDA-DE - Data Workflows - UNICORE Data Workflows.pdf,2016-12-22T10:33:09.465416+00:00,2620225,application/pdf
RDA-DE_WS2016_MDWorkflows_Excercises.docx,2016-12-22T10:33:09.717178+00:00,41251,application/octet-stream
RDA-DE_WS2016_MD-Workflows_final.pptx,2016-12-22T10:33:09.967488+00:00,907692,application/octet-stream
RDA-DE_WS2016_MD-Workflows_overview.pptx,2016-12-22T10:33:10.218214+00:00,145449,application/octet-stream
RDAHamburg_May25_PID_Workshop_Buurman_20160524.pdf,2016-12-22T10:33:10.467140+00:00,1787066,application/pdf
RDAHamburg_May25_PID_Workshop_Buurman_20160524.pptx,2016-12-22T10:33:10.714466+00:00,1928293,application/octet-stream
rda_hh_2016_20160524.zip,2016-12-22T10:33:10.963506+00:00,12371542,application/zip
rda-intro.pptx,2016-12-22T10:33:11.213542+00:00,6613104,application/octet-stream
RDA-RepositoryInteroperability.pptx,2016-12-22T10:33:11.463554+00:00,613204,application/octet-stream
rda_training_dkrz_horstmann.pdf,2016-12-22T10:33:11.713704+00:00,5801533,application/pdf
rep-intro-slide.pptx,2016-12-22T10:33:11.963796+00:00,124349,application/octet-stream
rep-service providers.pptx,2016-12-22T10:33:12.213920+00:00,3873063,application/octet-stream
rep-take-away-messages.pptx,2016-12-22T10:33:12.464737+00:00,98841,application/octet-stream
TrustedRepositoriesScience-RDA-WS-DKRZ-24-250516.pdf,2016-12-22T10:33:12.715813+00:00,986662,application/pdf
GEDErda Charter_rev02.docx,2016-12-22T10:32:56.530769+00:00,93422,application/octet-stream
GEDErda steps-v01.docx,2016-12-22T10:32:56.779217+00:00,90771,application/octet-stream
RDM-intro-for-EUDAT-OpenAIRE-webinar_Final.pptx,2016-12-22T10:32:53.459382+00:00,6293519,application/octet-stream
RDM-intro-for-EUDAT-OpenAIRE-webinar_Final.pptx,2016-12-22T10:32:50.513690+00:00,6293519,application/octet-stream
tmp-35773o0ge7k\undefined.rdf,2016-12-22T10:32:46.479309+00:00,1103,application/xml
tmp-35773o0ge7k\undefined.txt,2016-12-22T10:32:46.728449+00:00,921,text/plain
tmp-35773o0ge7k\undefined.zip,2016-12-22T10:32:46.978687+00:00,22,application/zip
perform-00.txt,2016-12-22T10:32:41.103099+00:00,97369,text/plain
perform-01.txt,2016-12-22T10:32:41.349787+00:00,97369,text/plain
perform-02.txt,2016-12-22T10:32:41.593089+00:00,97369,text/plain
perform-old.txt,2016-12-22T10:32:41.841191+00:00,99797,text/plain
euitm_10050.characteristics.characteristics,2016-12-22T10:32:36.290006+00:00,1305738,application/octet-stream
euitm_10050.datafile.datafile,2016-12-22T10:32:36.540437+00:00,96829404,application/octet-stream
euitm_10050.tree.tree,2016-12-22T10:32:36.789455+00:00,1119744,application/octet-stream
session_2_SEG_01.wav,2016-12-22T10:30:56.720355+00:00,481580,audio/x-wav
session_2_SEG_02.wav,2016-12-22T10:30:56.970184+00:00,440364,audio/x-wav
session_2_SEG_03.wav,2016-12-22T10:30:57.221174+00:00,611116,audio/x-wav
session_2_SEG_04.wav,2016-12-22T10:30:57.472551+00:00,505900,audio/x-wav
session_2_SEG_05.wav,2016-12-22T10:30:57.717182+00:00,372268,audio/x-wav
session_2_SEG_06.wav,2016-12-22T10:30:57.965214+00:00,698412,audio/x-wav
session_2_SEG_07.wav,2016-12-22T10:30:58.216293+00:00,351276,audio/x-wav
session_2_SEG_08.wav,2016-12-22T10:30:58.463947+00:00,1000748,audio/x-wav
session_2_SEG_09.wav,2016-12-22T10:30:58.708581+00:00,1115436,audio/x-wav
session_2_SEG_100.wav,2016-12-22T10:30:58.953738+00:00,1202732,audio/x-wav
session_2_SEG_101.wav,2016-12-22T10:30:59.200231+00:00,143660,audio/x-wav
session_2_SEG_102.wav,2016-12-22T10:30:59.445128+00:00,2308140,audio/x-wav
session_2_SEG_103.wav,2016-12-22T10:30:59.691699+00:00,1528364,audio/x-wav
session_2_SEG_104.wav,2016-12-22T10:30:59.937743+00:00,841004,audio/x-wav
session_2_SEG_105.wav,2016-12-22T10:31:00.186943+00:00,807212,audio/x-wav
session_2_SEG_106.wav,2016-12-22T10:31:00.434665+00:00,870956,audio/x-wav
session_2_SEG_107.wav,2016-12-22T10:31:00.683668+00:00,380460,audio/x-wav
session_2_SEG_108.wav,2016-12-22T10:31:00.934866+00:00,1599788,audio/x-wav
session_2_SEG_109.wav,2016-12-22T10:31:01.183469+00:00,1145900,audio/x-wav
session_2_SEG_10.wav,2016-12-22T10:31:01.430531+00:00,718892,audio/x-wav
session_2_SEG_110.wav,2016-12-22T10:31:01.675230+00:00,101676,audio/x-wav
session_2_SEG_111.wav,2016-12-22T10:31:01.921261+00:00,965420,audio/x-wav
session_2_SEG_112.wav,2016-12-22T10:31:02.168555+00:00,157740,audio/x-wav
session_2_SEG_113.wav,2016-12-22T10:31:02.415194+00:00,282668,audio/x-wav
session_2_SEG_114.wav,2016-12-22T10:31:02.663278+00:00,644140,audio/x-wav
session_2_SEG_115.wav,2016-12-22T10:31:02.913648+00:00,1772332,audio/x-wav
session_2_SEG_116.wav,2016-12-22T10:31:03.164632+00:00,304172,audio/x-wav
session_2_SEG_117.wav,2016-12-22T10:31:03.417871+00:00,718636,audio/x-wav
session_2_SEG_118.wav,2016-12-22T10:31:03.670913+00:00,234540,audio/x-wav
session_2_SEG_119.wav,2016-12-22T10:31:03.925716+00:00,318508,audio/x-wav
session_2_SEG_11.wav,2016-12-22T10:31:04.173358+00:00,157740,audio/x-wav
session_2_SEG_120.wav,2016-12-22T10:31:04.422605+00:00,358188,audio/x-wav
session_2_SEG_121.wav,2016-12-22T10:31:04.667614+00:00,1335340,audio/x-wav
session_2_SEG_122.wav,2016-12-22T10:31:04.912453+00:00,468524,audio/x-wav
session_2_SEG_123.wav,2016-12-22T10:31:05.160600+00:00,345388,audio/x-wav
session_2_SEG_124.wav,2016-12-22T10:31:05.408279+00:00,1553964,audio/x-wav
session_2_SEG_125.wav,2016-12-22T10:31:05.654022+00:00,270124,audio/x-wav
session_2_SEG_126.wav,2016-12-22T10:31:05.900118+00:00,1716780,audio/x-wav
session_2_SEG_127.wav,2016-12-22T10:31:06.146871+00:00,402988,audio/x-wav
session_2_SEG_128.wav,2016-12-22T10:31:06.392713+00:00,467244,audio/x-wav
session_2_SEG_129.wav,2016-12-22T10:31:06.638089+00:00,1151020,audio/x-wav
session_2_SEG_12.wav,2016-12-22T10:31:06.883429+00:00,234796,audio/x-wav
session_2_SEG_130.wav,2016-12-22T10:31:07.129321+00:00,936492,audio/x-wav
session_2_SEG_131.wav,2016-12-22T10:31:07.375287+00:00,1080876,audio/x-wav
session_2_SEG_132.wav,2016-12-22T10:31:07.622676+00:00,372780,audio/x-wav
session_2_SEG_133.wav,2016-12-22T10:31:07.867364+00:00,217132,audio/x-wav
session_2_SEG_134.wav,2016-12-22T10:31:08.115854+00:00,241708,audio/x-wav
session_2_SEG_135.wav,2016-12-22T10:31:08.388354+00:00,539180,audio/x-wav
session_2_SEG_136.wav,2016-12-22T10:31:08.634336+00:00,324652,audio/x-wav
session_2_SEG_137.wav,2016-12-22T10:31:08.879004+00:00,443948,audio/x-wav
session_2_SEG_138.wav,2016-12-22T10:31:09.126004+00:00,754988,audio/x-wav
session_2_SEG_139.wav,2016-12-22T10:31:09.373514+00:00,962092,audio/x-wav
session_2_SEG_13.wav,2016-12-22T10:31:09.620205+00:00,385836,audio/x-wav
session_2_SEG_140.wav,2016-12-22T10:31:09.866970+00:00,491820,audio/x-wav
session_2_SEG_141.wav,2016-12-22T10:31:10.115354+00:00,1338156,audio/x-wav
session_2_SEG_142.wav,2016-12-22T10:31:10.363567+00:00,215596,audio/x-wav
session_2_SEG_143.wav,2016-12-22T10:31:10.608125+00:00,432428,audio/x-wav
session_2_SEG_144.wav,2016-12-22T10:31:10.853293+00:00,3775020,audio/x-wav
session_2_SEG_145.wav,2016-12-22T10:31:11.099417+00:00,2592556,audio/x-wav
session_2_SEG_146.wav,2016-12-22T10:31:11.345659+00:00,869420,audio/x-wav
session_2_SEG_147.wav,2016-12-22T10:31:11.592739+00:00,1033260,audio/x-wav
session_2_SEG_14.wav,2016-12-22T10:31:11.839024+00:00,166700,audio/x-wav
session_2_SEG_15.wav,2016-12-22T10:31:12.085504+00:00,871212,audio/x-wav
session_2_SEG_16.wav,2016-12-22T10:31:12.331300+00:00,255788,audio/x-wav
session_2_SEG_17.wav,2016-12-22T10:31:12.576208+00:00,733228,audio/x-wav
session_2_SEG_18.wav,2016-12-22T10:31:12.821532+00:00,319020,audio/x-wav
session_2_SEG_19.wav,2016-12-22T10:31:13.066732+00:00,399660,audio/x-wav
session_2_SEG_20.wav,2016-12-22T10:31:13.318069+00:00,510508,audio/x-wav
session_2_SEG_21.wav,2016-12-22T10:31:13.563964+00:00,276012,audio/x-wav
session_2_SEG_22.wav,2016-12-22T10:31:13.810224+00:00,198956,audio/x-wav
session_2_SEG_23.wav,2016-12-22T10:31:14.057453+00:00,968236,audio/x-wav
session_2_SEG_24.wav,2016-12-22T10:31:14.304752+00:00,532524,audio/x-wav
session_2_SEG_25.wav,2016-12-22T10:31:14.551082+00:00,223788,audio/x-wav
session_2_SEG_26.wav,2016-12-22T10:31:14.794729+00:00,208428,audio/x-wav
session_2_SEG_27.wav,2016-12-22T10:31:15.039738+00:00,596012,audio/x-wav
session_2_SEG_28.wav,2016-12-22T10:31:15.287283+00:00,440876,audio/x-wav
session_2_SEG_29.wav,2016-12-22T10:31:15.531191+00:00,104492,audio/x-wav
session_2_SEG_30.wav,2016-12-22T10:31:15.776892+00:00,294700,audio/x-wav
session_2_SEG_31.wav,2016-12-22T10:31:16.023182+00:00,70444,audio/x-wav
session_2_SEG_32.wav,2016-12-22T10:31:16.270233+00:00,310572,audio/x-wav
session_2_SEG_33.wav,2016-12-22T10:31:16.515427+00:00,84268,audio/x-wav
session_2_SEG_34.wav,2016-12-22T10:31:16.760961+00:00,1150764,audio/x-wav
session_2_SEG_35.wav,2016-12-22T10:31:17.008360+00:00,316716,audio/x-wav
session_2_SEG_36.wav,2016-12-22T10:31:17.254578+00:00,309548,audio/x-wav
session_2_SEG_37.wav,2016-12-22T10:31:17.500128+00:00,513580,audio/x-wav
session_2_SEG_38.wav,2016-12-22T10:31:17.748436+00:00,282156,audio/x-wav
session_2_SEG_39.wav,2016-12-22T10:31:17.995769+00:00,432428,audio/x-wav
session_2_SEG_40.wav,2016-12-22T10:31:18.245352+00:00,1258028,audio/x-wav
session_2_SEG_41.wav,2016-12-22T10:31:18.491918+00:00,128044,audio/x-wav
session_2_SEG_42.wav,2016-12-22T10:31:18.737801+00:00,373036,audio/x-wav
session_2_SEG_43.wav,2016-12-22T10:31:18.983610+00:00,211244,audio/x-wav
session_2_SEG_44.wav,2016-12-22T10:31:19.233341+00:00,417836,audio/x-wav
session_2_SEG_45.wav,2016-12-22T10:31:19.485349+00:00,973100,audio/x-wav
session_2_SEG_46.wav,2016-12-22T10:31:19.732513+00:00,550188,audio/x-wav
session_2_SEG_47.wav,2016-12-22T10:31:19.978165+00:00,1419052,audio/x-wav
session_2_SEG_48.wav,2016-12-22T10:31:20.239295+00:00,354092,audio/x-wav
session_2_SEG_49.wav,2016-12-22T10:31:20.493352+00:00,100652,audio/x-wav
session_2_SEG_50.wav,2016-12-22T10:31:20.741238+00:00,406060,audio/x-wav
session_2_SEG_51.wav,2016-12-22T10:31:20.988740+00:00,350508,audio/x-wav
session_2_SEG_52.wav,2016-12-22T10:31:21.237390+00:00,1141292,audio/x-wav
session_2_SEG_53.wav,2016-12-22T10:31:21.487511+00:00,436780,audio/x-wav
session_2_SEG_54.wav,2016-12-22T10:31:21.734875+00:00,659244,audio/x-wav
session_2_SEG_55.wav,2016-12-22T10:31:21.981656+00:00,235564,audio/x-wav
session_2_SEG_56.wav,2016-12-22T10:31:22.232123+00:00,137004,audio/x-wav
session_2_SEG_57.wav,2016-12-22T10:31:22.478693+00:00,526124,audio/x-wav
